date,value,minValue,maxValue
2015-01-06 08:02:19,2615.39,-nan(ind),-nan(ind)
2015-01-06 08:07:19,2425.68,-nan(ind),-nan(ind)
2015-01-06 08:12:19,1132.67,-nan(ind),-nan(ind)
2015-01-06 08:17:19,1132.67,-nan(ind),-nan(ind)
2015-01-06 08:22:19,1132.67,-nan(ind),-nan(ind)
2015-01-06 08:27:19,2838.22,-nan(ind),-nan(ind)
2015-01-06 08:32:19,2838.22,-nan(ind),-nan(ind)
2015-01-06 08:37:19,2838.22,-nan(ind),-nan(ind)
2015-01-06 08:42:19,1903.42,-nan(ind),-nan(ind)
2015-01-06 08:47:19,1822.75,-nan(ind),-nan(ind)
2015-01-06 08:52:19,1689.62,-nan(ind),-nan(ind)
2015-01-06 08:57:19,1043.67,-nan(ind),-nan(ind)
2015-01-06 09:02:19,1003.64,-nan(ind),-nan(ind)
2015-01-06 09:07:19,932.37,-nan(ind),-nan(ind)
2015-01-06 09:12:19,1091.85,-nan(ind),-nan(ind)
2015-01-06 09:17:19,1135.52,-nan(ind),-nan(ind)
2015-01-06 09:22:19,1135.08,-nan(ind),-nan(ind)
2015-01-06 09:27:19,749.64,-nan(ind),-nan(ind)
2015-01-06 09:32:19,749.64,-nan(ind),-nan(ind)
2015-01-06 09:37:19,779.75,-nan(ind),-nan(ind)
2015-01-06 09:42:19,1217.86,-nan(ind),-nan(ind)
2015-01-06 09:47:19,1217.86,-nan(ind),-nan(ind)
2015-01-06 09:52:19,1220.41,-nan(ind),-nan(ind)
2015-01-06 09:57:19,1274.86,-nan(ind),-nan(ind)
2015-01-06 10:02:19,1274.86,-nan(ind),-nan(ind)
2015-01-06 10:07:19,1176.96,-nan(ind),-nan(ind)
2015-01-06 10:12:19,723.087,-nan(ind),-nan(ind)
2015-01-06 10:17:19,742.773,-nan(ind),-nan(ind)
2015-01-06 10:22:19,774.238,-nan(ind),-nan(ind)
2015-01-06 10:27:19,809.045,-nan(ind),-nan(ind)
2015-01-06 10:32:19,809.045,-nan(ind),-nan(ind)
2015-01-06 10:37:19,773.87,-nan(ind),-nan(ind)
2015-01-06 10:42:19,1147.7,-nan(ind),-nan(ind)
2015-01-06 10:47:19,1099.88,-nan(ind),-nan(ind)
2015-01-06 10:52:19,1147.7,-nan(ind),-nan(ind)
2015-01-06 10:57:19,733.542,-nan(ind),-nan(ind)
2015-01-06 11:02:19,705.08,-nan(ind),-nan(ind)
2015-01-06 11:07:19,722.565,-nan(ind),-nan(ind)
2015-01-06 11:12:19,733.571,-nan(ind),-nan(ind)
2015-01-06 11:17:19,733.571,-nan(ind),-nan(ind)
2015-01-06 11:22:19,671,-nan(ind),-nan(ind)
2015-01-06 11:27:19,734.13,-nan(ind),-nan(ind)
2015-01-06 11:32:19,800.952,-nan(ind),-nan(ind)
2015-01-06 11:37:19,800.952,-nan(ind),-nan(ind)
2015-01-06 11:42:19,703.182,-nan(ind),-nan(ind)
2015-01-06 11:47:19,703.182,-nan(ind),-nan(ind)
2015-01-06 11:52:19,703.182,-nan(ind),-nan(ind)
2015-01-06 11:57:19,1113.68,-nan(ind),-nan(ind)
2015-01-06 12:02:19,1066.48,-nan(ind),-nan(ind)
2015-01-06 12:07:19,1069.45,-nan(ind),-nan(ind)
2015-01-06 12:12:19,748.789,-nan(ind),-nan(ind)
2015-01-06 12:17:19,748.789,-nan(ind),-nan(ind)
2015-01-06 12:22:19,788.556,-nan(ind),-nan(ind)
2015-01-06 12:27:19,747.053,-nan(ind),-nan(ind)
2015-01-06 12:32:19,710.95,-nan(ind),-nan(ind)
2015-01-06 12:37:19,675.619,-nan(ind),-nan(ind)
2015-01-06 12:42:19,675.619,-nan(ind),-nan(ind)
2015-01-06 12:47:19,709.4,-nan(ind),-nan(ind)
2015-01-06 12:52:19,786.778,-nan(ind),-nan(ind)
2015-01-06 12:57:19,759,-nan(ind),-nan(ind)
2015-01-06 13:02:19,759,-nan(ind),-nan(ind)
2015-01-06 13:07:19,758.474,-nan(ind),-nan(ind)
2015-01-06 13:12:19,1348.94,-nan(ind),-nan(ind)
2015-01-06 13:17:19,1348.94,-nan(ind),-nan(ind)
2015-01-06 13:22:19,1369.47,-nan(ind),-nan(ind)
2015-01-06 13:27:19,831.563,-nan(ind),-nan(ind)
2015-01-06 13:32:19,831.563,-nan(ind),-nan(ind)
2015-01-06 13:37:19,950.357,-nan(ind),-nan(ind)
2015-01-06 13:42:19,937.214,-nan(ind),-nan(ind)
2015-01-06 13:47:19,876.4,-nan(ind),-nan(ind)
2015-01-06 13:52:19,731.667,-nan(ind),-nan(ind)
2015-01-06 13:57:19,731.667,-nan(ind),-nan(ind)
2015-01-06 14:02:19,845.789,-nan(ind),-nan(ind)
2015-01-06 14:07:19,767.619,-nan(ind),-nan(ind)
2015-01-06 14:12:19,738.045,-nan(ind),-nan(ind)
2015-01-06 14:17:19,605.091,-nan(ind),-nan(ind)
2015-01-06 14:22:19,555.708,-nan(ind),-nan(ind)
2015-01-06 14:27:19,913.625,-nan(ind),-nan(ind)
2015-01-06 14:32:19,981.08,-nan(ind),-nan(ind)
2015-01-06 14:37:19,904.962,-nan(ind),-nan(ind)
2015-01-06 14:42:19,928.885,-nan(ind),-nan(ind)
2015-01-06 14:47:19,894.296,-nan(ind),-nan(ind)
2015-01-06 14:52:19,970.296,-nan(ind),-nan(ind)
2015-01-06 14:57:19,936.393,-nan(ind),-nan(ind)
2015-01-06 15:02:19,815.379,-nan(ind),-nan(ind)
2015-01-06 15:07:19,756.207,-nan(ind),-nan(ind)
2015-01-06 15:12:19,782.357,-nan(ind),-nan(ind)
2015-01-06 15:17:19,921.704,-nan(ind),-nan(ind)
2015-01-06 15:22:19,1064.52,-nan(ind),-nan(ind)
2015-01-06 15:27:19,986.435,-nan(ind),-nan(ind)
2015-01-06 15:32:19,857.043,-nan(ind),-nan(ind)
2015-01-06 15:37:19,855.957,-nan(ind),-nan(ind)
2015-01-06 15:42:19,825.522,-nan(ind),-nan(ind)
2015-01-06 15:47:19,934.348,-nan(ind),-nan(ind)
2015-01-06 15:52:19,896.417,-nan(ind),-nan(ind)
2015-01-06 15:57:19,896.417,-nan(ind),-nan(ind)
2015-01-06 16:02:19,777.2,-nan(ind),-nan(ind)
2015-01-06 16:07:19,808.583,-nan(ind),-nan(ind)
2015-01-06 16:12:19,540.667,-nan(ind),-nan(ind)
2015-01-06 16:17:19,584.538,-nan(ind),-nan(ind)
2015-01-06 16:22:19,568.48,-nan(ind),-nan(ind)
2015-01-06 16:27:19,568.48,-nan(ind),-nan(ind)
2015-01-06 16:32:19,527.045,-nan(ind),-nan(ind)
2015-01-06 16:37:19,505.087,-nan(ind),-nan(ind)
2015-01-06 16:42:19,842.44,-nan(ind),-nan(ind)
2015-01-06 16:47:19,843.48,-nan(ind),-nan(ind)
2015-01-06 16:52:19,876.708,-nan(ind),-nan(ind)
2015-01-06 16:57:19,621.913,-nan(ind),-nan(ind)
2015-01-06 17:02:19,620.782,-nan(ind),-nan(ind)
2015-01-06 17:07:19,761.708,-nan(ind),-nan(ind)
2015-01-06 17:12:19,551.375,-nan(ind),-nan(ind)
2015-01-06 17:17:19,552.542,-nan(ind),-nan(ind)
2015-01-06 17:22:19,34.913,-nan(ind),-nan(ind)
2015-01-06 17:27:19,436.75,-nan(ind),-nan(ind)
2015-01-06 17:32:19,437.08,-nan(ind),-nan(ind)
2015-01-06 17:37:19,477.192,-nan(ind),-nan(ind)
2015-01-06 17:42:19,203.63,-nan(ind),-nan(ind)
2015-01-06 17:47:19,193.077,-nan(ind),-nan(ind)
2015-01-06 17:52:19,149.417,-nan(ind),-nan(ind)
2015-01-06 17:57:19,570.045,-nan(ind),-nan(ind)
2015-01-06 18:02:19,548.087,-nan(ind),-nan(ind)
2015-01-06 18:07:19,573.385,-nan(ind),-nan(ind)
2015-01-06 18:12:19,203.148,-nan(ind),-nan(ind)
2015-01-06 18:17:19,201.889,-nan(ind),-nan(ind)
2015-01-06 18:22:19,199.607,-nan(ind),-nan(ind)
2015-01-06 18:27:19,528.534,-nan(ind),-nan(ind)
2015-01-06 18:32:19,507.741,-nan(ind),-nan(ind)
2015-01-06 18:37:19,461.63,-nan(ind),-nan(ind)
2015-01-06 18:42:19,4359,-nan(ind),-nan(ind)
2015-01-06 18:47:19,5148.73,-nan(ind),-nan(ind)
2015-01-06 18:52:19,5147.82,-nan(ind),-nan(ind)
2015-01-06 18:57:19,4250.95,-nan(ind),-nan(ind)
2015-01-06 19:02:19,4463.4,-nan(ind),-nan(ind)
2015-01-06 19:07:19,5246.41,-nan(ind),-nan(ind)
2015-01-06 19:12:19,4447.35,-nan(ind),-nan(ind)
2015-01-06 19:17:19,4723.63,-nan(ind),-nan(ind)
2015-01-06 19:22:19,4723.63,-nan(ind),-nan(ind)
2015-01-06 19:27:19,232,-nan(ind),-nan(ind)
2015-01-06 19:32:19,218.333,-nan(ind),-nan(ind)
2015-01-06 19:37:19,192.765,-nan(ind),-nan(ind)
2015-01-06 19:42:19,192.765,-nan(ind),-nan(ind)
2015-01-06 19:47:19,193.529,-nan(ind),-nan(ind)
2015-01-06 19:52:19,202.75,-nan(ind),-nan(ind)
2015-01-06 19:57:19,36.3158,-nan(ind),-nan(ind)
2015-01-06 20:02:19,32.3636,-nan(ind),-nan(ind)
2015-01-06 20:07:19,27.8148,-nan(ind),-nan(ind)
2015-01-06 20:12:19,501.4,-nan(ind),-nan(ind)
2015-01-06 20:17:19,521.167,-nan(ind),-nan(ind)
2015-01-06 20:22:19,623.45,-nan(ind),-nan(ind)
2015-01-06 20:27:19,81,-nan(ind),-nan(ind)
2015-01-06 20:32:19,81,-nan(ind),-nan(ind)
2015-01-06 20:37:19,98,-nan(ind),-nan(ind)
2015-01-06 20:42:19,155.938,-nan(ind),-nan(ind)
2015-01-06 20:47:19,167.389,-nan(ind),-nan(ind)
2015-01-06 20:52:19,516.478,-nan(ind),-nan(ind)
2015-01-06 20:57:19,576.28,-nan(ind),-nan(ind)
2015-01-06 21:02:19,624.783,-nan(ind),-nan(ind)
2015-01-06 21:07:19,686.667,-nan(ind),-nan(ind)
2015-01-06 21:12:19,1015.5,-nan(ind),-nan(ind)
2015-01-06 21:17:19,3026.71,-nan(ind),-nan(ind)
2015-01-06 21:22:19,2544.48,-nan(ind),-nan(ind)
2015-01-06 21:27:19,2119.69,-nan(ind),-nan(ind)
2015-01-06 21:32:19,438.077,-nan(ind),-nan(ind)
2015-01-06 21:37:19,482.269,-nan(ind),-nan(ind)
2015-01-06 21:42:19,476.808,-nan(ind),-nan(ind)
2015-01-06 21:47:19,757.72,-nan(ind),-nan(ind)
2015-01-06 21:52:19,735.32,-nan(ind),-nan(ind)
2015-01-06 21:57:19,798.043,-nan(ind),-nan(ind)
2015-01-06 22:02:19,491.042,-nan(ind),-nan(ind)
2015-01-06 22:07:19,453.308,-nan(ind),-nan(ind)
2015-01-06 22:12:19,1815.11,-nan(ind),-nan(ind)
2015-01-06 22:17:19,1975.46,-nan(ind),-nan(ind)
2015-01-06 22:22:19,2098.83,-nan(ind),-nan(ind)
2015-01-06 22:27:19,2171.56,-nan(ind),-nan(ind)
2015-01-06 22:32:19,1993.8,-nan(ind),-nan(ind)
2015-01-06 22:37:19,2151.27,-nan(ind),-nan(ind)
2015-01-06 22:42:19,1577.1,-nan(ind),-nan(ind)
2015-01-06 22:47:19,1503.29,-nan(ind),-nan(ind)
2015-01-06 22:52:19,1373.78,-nan(ind),-nan(ind)
2015-01-06 22:57:19,1317.13,-nan(ind),-nan(ind)
2015-01-06 23:02:19,1503.29,-nan(ind),-nan(ind)
2015-01-06 23:07:19,1652.16,-nan(ind),-nan(ind)
2015-01-06 23:12:19,2283,-nan(ind),-nan(ind)
2015-01-06 23:17:19,2170.1,-nan(ind),-nan(ind)
2015-01-06 23:22:19,2170,-nan(ind),-nan(ind)
2015-01-06 23:27:19,1268.7,-nan(ind),-nan(ind)
2015-01-06 23:32:19,1268.7,-nan(ind),-nan(ind)
2015-01-06 23:37:19,1237.33,-nan(ind),-nan(ind)
2015-01-06 23:42:19,469.955,-nan(ind),-nan(ind)
2015-01-06 23:47:19,450.826,-nan(ind),-nan(ind)
2015-01-06 23:52:19,442.364,-nan(ind),-nan(ind)
2015-01-06 23:57:19,301.391,-nan(ind),-nan(ind)
2015-01-07 00:02:19,301.652,-nan(ind),-nan(ind)
2015-01-07 00:07:19,301.652,-nan(ind),-nan(ind)
2015-01-07 00:12:19,1059.81,-nan(ind),-nan(ind)
2015-01-07 00:17:19,826.5,-nan(ind),-nan(ind)
2015-01-07 00:22:19,867.941,-nan(ind),-nan(ind)
2015-01-07 00:27:19,237.111,-nan(ind),-nan(ind)
2015-01-07 00:32:19,224.684,-nan(ind),-nan(ind)
2015-01-07 00:37:19,224.684,-nan(ind),-nan(ind)
2015-01-07 00:42:19,193.105,-nan(ind),-nan(ind)
2015-01-07 00:47:19,203.833,-nan(ind),-nan(ind)
2015-01-07 00:52:19,194.632,-nan(ind),-nan(ind)
2015-01-07 00:57:19,184.9,-nan(ind),-nan(ind)
2015-01-07 01:02:19,184.9,-nan(ind),-nan(ind)
2015-01-07 01:07:19,194.579,-nan(ind),-nan(ind)
2015-01-07 01:12:19,136.381,-nan(ind),-nan(ind)
2015-01-07 01:17:19,130.182,-nan(ind),-nan(ind)
2015-01-07 01:22:19,124.522,-nan(ind),-nan(ind)
2015-01-07 01:27:19,525.957,-nan(ind),-nan(ind)
2015-01-07 01:32:19,525.957,-nan(ind),-nan(ind)
2015-01-07 01:37:19,548.636,-nan(ind),-nan(ind)
2015-01-07 01:42:19,138.5,-nan(ind),-nan(ind)
2015-01-07 01:47:19,153.833,-nan(ind),-nan(ind)
2015-01-07 01:52:19,153.833,-nan(ind),-nan(ind)
2015-01-07 01:57:19,114.944,-nan(ind),-nan(ind)
2015-01-07 02:02:19,114.944,-nan(ind),-nan(ind)
2015-01-07 02:07:19,114.944,-nan(ind),-nan(ind)
2015-01-07 02:12:19,114.944,-nan(ind),-nan(ind)
2015-01-07 02:17:19,108.895,-nan(ind),-nan(ind)
2015-01-07 02:22:19,114.944,-nan(ind),-nan(ind)
2015-01-07 02:27:19,108.895,-nan(ind),-nan(ind)
2015-01-07 02:32:19,151.526,-nan(ind),-nan(ind)
2015-01-07 02:37:19,151.526,-nan(ind),-nan(ind)
2015-01-07 02:42:19,621.056,-nan(ind),-nan(ind)
2015-01-07 02:47:19,544.421,-nan(ind),-nan(ind)
2015-01-07 02:52:19,544.421,-nan(ind),-nan(ind)
2015-01-07 02:57:19,113.556,-nan(ind),-nan(ind)
2015-01-07 03:02:19,113.556,-nan(ind),-nan(ind)
2015-01-07 03:07:19,113.556,-nan(ind),-nan(ind)
2015-01-07 03:12:19,113.556,-nan(ind),-nan(ind)
2015-01-07 03:17:19,113.556,-nan(ind),-nan(ind)
2015-01-07 03:22:19,113.556,-nan(ind),-nan(ind)
2015-01-07 03:27:19,113.556,-nan(ind),-nan(ind)
2015-01-07 03:32:19,113.556,-nan(ind),-nan(ind)
2015-01-07 03:37:19,113.556,-nan(ind),-nan(ind)
2015-01-07 03:42:19,113.556,-nan(ind),-nan(ind)
2015-01-07 03:47:19,113.556,-nan(ind),-nan(ind)
2015-01-07 03:52:19,113.556,-nan(ind),-nan(ind)
2015-01-07 03:57:19,113.556,-nan(ind),-nan(ind)
2015-01-07 04:02:19,564.444,-nan(ind),-nan(ind)
2015-01-07 04:07:19,595.176,-nan(ind),-nan(ind)
2015-01-07 04:12:19,7.375,-nan(ind),-nan(ind)
2015-01-07 04:17:19,6,-nan(ind),-nan(ind)
2015-01-07 04:22:19,6,-nan(ind),-nan(ind)
2015-01-07 04:27:19,7,-nan(ind),-nan(ind)
2015-01-07 04:32:19,7,-nan(ind),-nan(ind)
2015-01-07 04:37:19,7.38889,-nan(ind),-nan(ind)
2015-01-07 04:42:19,453.579,-nan(ind),-nan(ind)
2015-01-07 04:47:19,453.579,-nan(ind),-nan(ind)
2015-01-07 04:52:19,478.778,-nan(ind),-nan(ind)
2015-01-07 04:57:19,6.9375,-nan(ind),-nan(ind)
2015-01-07 05:02:19,6.9375,-nan(ind),-nan(ind)
2015-01-07 05:07:19,6.9375,-nan(ind),-nan(ind)
2015-01-07 05:12:19,6.9375,-nan(ind),-nan(ind)
2015-01-07 05:17:19,8.17647,-nan(ind),-nan(ind)
2015-01-07 05:22:19,8.17647,-nan(ind),-nan(ind)
2015-01-07 05:27:19,8.17647,-nan(ind),-nan(ind)
2015-01-07 05:32:19,6.9375,-nan(ind),-nan(ind)
2015-01-07 05:37:19,6.9375,-nan(ind),-nan(ind)
2015-01-07 05:42:19,11.7222,-nan(ind),-nan(ind)
2015-01-07 05:47:19,11.7222,-nan(ind),-nan(ind)
2015-01-07 05:52:19,12.4118,-nan(ind),-nan(ind)
2015-01-07 05:57:19,541.824,-nan(ind),-nan(ind)
2015-01-07 06:02:19,541.824,-nan(ind),-nan(ind)
2015-01-07 06:07:19,460.55,-nan(ind),-nan(ind)
2015-01-07 06:12:19,6.53333,-nan(ind),-nan(ind)
2015-01-07 06:17:19,6.53333,-nan(ind),-nan(ind)
2015-01-07 06:22:19,6.92308,-nan(ind),-nan(ind)
2015-01-07 06:27:19,7.5,-nan(ind),-nan(ind)
2015-01-07 06:32:19,6.92308,-nan(ind),-nan(ind)
2015-01-07 06:37:19,7,-nan(ind),-nan(ind)
2015-01-07 06:42:19,19.8947,-nan(ind),-nan(ind)
2015-01-07 06:47:19,21.1579,-nan(ind),-nan(ind)
2015-01-07 06:52:19,20.1,-nan(ind),-nan(ind)
2015-01-07 06:57:19,20.1,-nan(ind),-nan(ind)
2015-01-07 07:02:19,20.1,-nan(ind),-nan(ind)
2015-01-07 07:07:19,20.1,-nan(ind),-nan(ind)
2015-01-07 07:12:19,22.3333,-nan(ind),-nan(ind)
2015-01-07 07:17:19,22.25,-nan(ind),-nan(ind)
2015-01-07 07:22:19,24.7222,-nan(ind),-nan(ind)
2015-01-07 07:27:19,515.444,-nan(ind),-nan(ind)
2015-01-07 07:32:19,465.1,-nan(ind),-nan(ind)
2015-01-07 07:37:19,471.05,-nan(ind),-nan(ind)
2015-01-07 07:42:19,27.4211,-nan(ind),-nan(ind)
2015-01-07 07:47:19,25.5789,-nan(ind),-nan(ind)
2015-01-07 07:52:19,20.3684,-nan(ind),-nan(ind)
2015-01-07 07:57:19,7388.79,-nan(ind),-nan(ind)
2015-01-07 08:02:19,7388.79,-nan(ind),-nan(ind)
2015-01-07 08:07:19,7019.35,-nan(ind),-nan(ind)
2015-01-07 08:12:19,8019.35,-nan(ind),-nan(ind)
2015-01-07 08:17:19,8019.35,-nan(ind),-nan(ind)
2015-01-07 08:22:19,8019.35,-nan(ind),-nan(ind)
2015-01-07 08:27:19,5257.9,-nan(ind),-nan(ind)
2015-01-07 08:32:19,5020,-nan(ind),-nan(ind)
2015-01-07 08:37:19,5263.76,-nan(ind),-nan(ind)
2015-01-07 08:42:19,4127.73,-nan(ind),-nan(ind)
2015-01-07 08:47:19,4127.73,-nan(ind),-nan(ind)
2015-01-07 08:52:19,4127.73,-nan(ind),-nan(ind)
2015-01-07 08:57:19,75.5,-nan(ind),-nan(ind)
2015-01-07 09:02:19,78.2105,-nan(ind),-nan(ind)
2015-01-07 09:07:19,79.5789,-nan(ind),-nan(ind)
2015-01-07 09:12:19,79.5789,-nan(ind),-nan(ind)
2015-01-07 09:17:19,79.5789,-nan(ind),-nan(ind)
2015-01-07 09:22:19,76.2222,-nan(ind),-nan(ind)
2015-01-07 09:27:19,21.8824,-nan(ind),-nan(ind)
2015-01-07 09:32:19,22.0556,-nan(ind),-nan(ind)
2015-01-07 09:37:19,22.1053,-nan(ind),-nan(ind)
2015-01-07 09:42:19,3071,-nan(ind),-nan(ind)
2015-01-07 09:47:19,3071,-nan(ind),-nan(ind)
2015-01-07 09:52:19,3071.35,-nan(ind),-nan(ind)
2015-01-07 09:57:19,23.7222,-nan(ind),-nan(ind)
2015-01-07 10:02:19,23.7222,-nan(ind),-nan(ind)
2015-01-07 10:07:19,23.5,-nan(ind),-nan(ind)
2015-01-07 10:12:19,23.7895,-nan(ind),-nan(ind)
2015-01-07 10:17:19,23.7222,-nan(ind),-nan(ind)
2015-01-07 10:22:19,359.316,-nan(ind),-nan(ind)
2015-01-07 10:27:19,358,-nan(ind),-nan(ind)
2015-01-07 10:32:19,341.35,-nan(ind),-nan(ind)
2015-01-07 10:37:19,342.9,-nan(ind),-nan(ind)
2015-01-07 10:42:19,345.65,-nan(ind),-nan(ind)
2015-01-07 10:47:19,347,-nan(ind),-nan(ind)
2015-01-07 10:52:19,347,-nan(ind),-nan(ind)
2015-01-07 10:57:19,764.05,-nan(ind),-nan(ind)
2015-01-07 11:02:19,764.05,-nan(ind),-nan(ind)
2015-01-07 11:07:19,795.95,-nan(ind),-nan(ind)
2015-01-07 11:12:19,567.176,-nan(ind),-nan(ind)
2015-01-07 11:17:19,602.625,-nan(ind),-nan(ind)
2015-01-07 11:22:19,202.063,-nan(ind),-nan(ind)
2015-01-07 11:27:19,179,-nan(ind),-nan(ind)
2015-01-07 11:32:19,179.579,-nan(ind),-nan(ind)
2015-01-07 11:37:19,219.789,-nan(ind),-nan(ind)
2015-01-07 11:42:19,219.789,-nan(ind),-nan(ind)
2015-01-07 11:47:19,210.15,-nan(ind),-nan(ind)
2015-01-07 11:52:19,267.048,-nan(ind),-nan(ind)
2015-01-07 11:57:19,238.708,-nan(ind),-nan(ind)
2015-01-07 12:02:19,229,-nan(ind),-nan(ind)
2015-01-07 12:07:19,278.708,-nan(ind),-nan(ind)
2015-01-07 12:12:19,627.048,-nan(ind),-nan(ind)
2015-01-07 12:17:19,625.762,-nan(ind),-nan(ind)
2015-01-07 12:22:19,454.333,-nan(ind),-nan(ind)
2015-01-07 12:27:19,178.143,-nan(ind),-nan(ind)
2015-01-07 12:32:19,178.143,-nan(ind),-nan(ind)
2015-01-07 12:37:19,310.955,-nan(ind),-nan(ind)
2015-01-07 12:42:19,310.955,-nan(ind),-nan(ind)
2015-01-07 12:47:19,311.955,-nan(ind),-nan(ind)
2015-01-07 12:52:19,172.318,-nan(ind),-nan(ind)
2015-01-07 12:57:19,139.783,-nan(ind),-nan(ind)
2015-01-07 13:02:19,145.045,-nan(ind),-nan(ind)
2015-01-07 13:07:19,288.714,-nan(ind),-nan(ind)
2015-01-07 13:12:19,276.227,-nan(ind),-nan(ind)
2015-01-07 13:17:19,276.227,-nan(ind),-nan(ind)
2015-01-07 13:22:19,289.381,-nan(ind),-nan(ind)
2015-01-07 13:27:19,760.143,-nan(ind),-nan(ind)
2015-01-07 13:32:19,798.15,-nan(ind),-nan(ind)
2015-01-07 13:37:19,721.333,-nan(ind),-nan(ind)
2015-01-07 13:42:19,175.824,-nan(ind),-nan(ind)
2015-01-07 13:47:19,175.824,-nan(ind),-nan(ind)
2015-01-07 13:52:19,166.056,-nan(ind),-nan(ind)
2015-01-07 13:57:19,75.95,-nan(ind),-nan(ind)
2015-01-07 14:02:19,183.091,-nan(ind),-nan(ind)
2015-01-07 14:07:19,168.917,-nan(ind),-nan(ind)
2015-01-07 14:12:19,528.185,-nan(ind),-nan(ind)
2015-01-07 14:17:19,470.08,-nan(ind),-nan(ind)
2015-01-07 14:22:19,430.893,-nan(ind),-nan(ind)
2015-01-07 14:27:19,88.2593,-nan(ind),-nan(ind)
2015-01-07 14:32:19,163.679,-nan(ind),-nan(ind)
2015-01-07 14:37:19,204.074,-nan(ind),-nan(ind)
2015-01-07 14:42:19,2301.39,-nan(ind),-nan(ind)
2015-01-07 14:47:19,2224.07,-nan(ind),-nan(ind)
2015-01-07 14:52:19,2189.21,-nan(ind),-nan(ind)
2015-01-07 14:57:19,166.552,-nan(ind),-nan(ind)
2015-01-07 15:02:19,252.759,-nan(ind),-nan(ind)
2015-01-07 15:07:19,289.862,-nan(ind),-nan(ind)
2015-01-07 15:12:19,220.926,-nan(ind),-nan(ind)
2015-01-07 15:17:19,129.111,-nan(ind),-nan(ind)
2015-01-07 15:22:19,89.3846,-nan(ind),-nan(ind)
2015-01-07 15:27:19,147.88,-nan(ind),-nan(ind)
2015-01-07 15:32:19,153.167,-nan(ind),-nan(ind)
2015-01-07 15:37:19,198.833,-nan(ind),-nan(ind)
2015-01-07 15:42:19,133.84,-nan(ind),-nan(ind)
2015-01-07 15:47:19,209.462,-nan(ind),-nan(ind)
2015-01-07 15:52:19,159.462,-nan(ind),-nan(ind)
2015-01-07 15:57:19,548.154,-nan(ind),-nan(ind)
2015-01-07 16:02:19,504.875,-nan(ind),-nan(ind)
2015-01-07 16:07:19,561.542,-nan(ind),-nan(ind)
2015-01-07 16:12:19,151.773,-nan(ind),-nan(ind)
2015-01-07 16:17:19,228.125,-nan(ind),-nan(ind)
2015-01-07 16:22:19,165.72,-nan(ind),-nan(ind)
2015-01-07 16:27:19,186.692,-nan(ind),-nan(ind)
2015-01-07 16:32:19,104.538,-nan(ind),-nan(ind)
2015-01-07 16:37:19,178.92,-nan(ind),-nan(ind)
2015-01-07 16:42:19,235.72,-nan(ind),-nan(ind)
2015-01-07 16:47:19,315.115,-nan(ind),-nan(ind)
2015-01-07 16:52:19,231.143,-nan(ind),-nan(ind)
2015-01-07 16:57:19,193.828,-nan(ind),-nan(ind)
2015-01-07 17:02:19,114.517,-nan(ind),-nan(ind)
2015-01-07 17:07:19,176.893,-nan(ind),-nan(ind)
2015-01-07 17:12:19,590.793,-nan(ind),-nan(ind)
2015-01-07 17:17:19,611.893,-nan(ind),-nan(ind)
2015-01-07 17:22:19,594.654,-nan(ind),-nan(ind)
2015-01-07 17:27:19,212.478,-nan(ind),-nan(ind)
2015-01-07 17:32:19,197.12,-nan(ind),-nan(ind)
2015-01-07 17:37:19,198.12,-nan(ind),-nan(ind)
2015-01-07 17:42:19,230.538,-nan(ind),-nan(ind)
2015-01-07 17:47:19,222,-nan(ind),-nan(ind)
2015-01-07 17:52:19,222.111,-nan(ind),-nan(ind)
2015-01-07 17:57:19,174.333,-nan(ind),-nan(ind)
2015-01-07 18:02:19,185.821,-nan(ind),-nan(ind)
2015-01-07 18:07:19,272.345,-nan(ind),-nan(ind)
2015-01-07 18:12:19,616.828,-nan(ind),-nan(ind)
2015-01-07 18:17:19,565.406,-nan(ind),-nan(ind)
2015-01-07 18:22:19,549.182,-nan(ind),-nan(ind)
2015-01-07 18:27:19,256.188,-nan(ind),-nan(ind)
2015-01-07 18:32:19,258.387,-nan(ind),-nan(ind)
2015-01-07 18:37:19,180.862,-nan(ind),-nan(ind)
2015-01-07 18:42:19,482.586,-nan(ind),-nan(ind)
2015-01-07 18:47:19,474.283,-nan(ind),-nan(ind)
2015-01-07 18:52:19,476.133,-nan(ind),-nan(ind)
2015-01-07 18:57:19,192.591,-nan(ind),-nan(ind)
2015-01-07 19:02:19,244.625,-nan(ind),-nan(ind)
2015-01-07 19:07:19,278,-nan(ind),-nan(ind)
2015-01-07 19:12:19,22.3333,-nan(ind),-nan(ind)
2015-01-07 19:17:19,22,-nan(ind),-nan(ind)
2015-01-07 19:22:19,22,-nan(ind),-nan(ind)
2015-01-07 19:27:19,853.5,-nan(ind),-nan(ind)
2015-01-07 19:32:19,853.5,-nan(ind),-nan(ind)
2015-01-07 19:37:19,856.167,-nan(ind),-nan(ind)
2015-01-07 19:42:19,868.846,-nan(ind),-nan(ind)
2015-01-07 19:47:19,808.071,-nan(ind),-nan(ind)
2015-01-07 19:52:19,754.4,-nan(ind),-nan(ind)
2015-01-07 19:57:19,28.8235,-nan(ind),-nan(ind)
2015-01-07 20:02:19,28.75,-nan(ind),-nan(ind)
2015-01-07 20:07:19,30,-nan(ind),-nan(ind)
2015-01-07 20:12:19,87.0588,-nan(ind),-nan(ind)
2015-01-07 20:17:19,86,-nan(ind),-nan(ind)
2015-01-07 20:22:19,84.5,-nan(ind),-nan(ind)
2015-01-07 20:27:19,642.625,-nan(ind),-nan(ind)
2015-01-07 20:32:19,642.625,-nan(ind),-nan(ind)
2015-01-07 20:37:19,641.188,-nan(ind),-nan(ind)
2015-01-07 20:42:19,576.071,-nan(ind),-nan(ind)
2015-01-07 20:47:19,577.571,-nan(ind),-nan(ind)
2015-01-07 20:52:19,504.813,-nan(ind),-nan(ind)
2015-01-07 20:57:19,228.588,-nan(ind),-nan(ind)
2015-01-07 21:02:19,241.188,-nan(ind),-nan(ind)
2015-01-07 21:07:19,257.267,-nan(ind),-nan(ind)
2015-01-07 21:12:19,939.375,-nan(ind),-nan(ind)
2015-01-07 21:17:19,940.75,-nan(ind),-nan(ind)
2015-01-07 21:22:19,974.938,-nan(ind),-nan(ind)
2015-01-07 21:27:19,393.867,-nan(ind),-nan(ind)
2015-01-07 21:32:19,370.875,-nan(ind),-nan(ind)
2015-01-07 21:37:19,369.938,-nan(ind),-nan(ind)
2015-01-07 21:42:19,348.176,-nan(ind),-nan(ind)
2015-01-07 21:47:19,445.353,-nan(ind),-nan(ind)
2015-01-07 21:52:19,398.368,-nan(ind),-nan(ind)
2015-01-07 21:57:19,358.118,-nan(ind),-nan(ind)
2015-01-07 22:02:19,359.647,-nan(ind),-nan(ind)
2015-01-07 22:07:19,358.294,-nan(ind),-nan(ind)
2015-01-07 22:12:19,132.368,-nan(ind),-nan(ind)
2015-01-07 22:17:19,46.4118,-nan(ind),-nan(ind)
2015-01-07 22:22:19,46.7647,-nan(ind),-nan(ind)
2015-01-07 22:27:19,624.688,-nan(ind),-nan(ind)
2015-01-07 22:32:19,587.941,-nan(ind),-nan(ind)
2015-01-07 22:37:19,624.313,-nan(ind),-nan(ind)
2015-01-07 22:42:19,96.2667,-nan(ind),-nan(ind)
2015-01-07 22:47:19,103.143,-nan(ind),-nan(ind)
2015-01-07 22:52:19,103.143,-nan(ind),-nan(ind)
2015-01-07 22:57:19,56.3846,-nan(ind),-nan(ind)
2015-01-07 23:02:19,50.6,-nan(ind),-nan(ind)
2015-01-07 23:07:19,122.412,-nan(ind),-nan(ind)
2015-01-07 23:12:19,665.833,-nan(ind),-nan(ind)
2015-01-07 23:17:19,665.833,-nan(ind),-nan(ind)
2015-01-07 23:22:19,601.579,-nan(ind),-nan(ind)
2015-01-07 23:27:19,89.375,-nan(ind),-nan(ind)
2015-01-07 23:32:19,95.3333,-nan(ind),-nan(ind)
2015-01-07 23:37:19,109.462,-nan(ind),-nan(ind)
2015-01-07 23:42:19,101.643,-nan(ind),-nan(ind)
2015-01-07 23:47:19,101.643,-nan(ind),-nan(ind)
2015-01-07 23:52:19,49,-nan(ind),-nan(ind)
2015-01-07 23:57:19,272.647,-nan(ind),-nan(ind)
2015-01-08 00:02:19,272.647,-nan(ind),-nan(ind)
2015-01-08 00:07:19,294.294,-nan(ind),-nan(ind)
2015-01-08 00:12:19,2094.44,-nan(ind),-nan(ind)
2015-01-08 00:17:19,1886.15,-nan(ind),-nan(ind)
2015-01-08 00:22:19,1867.5,-nan(ind),-nan(ind)
2015-01-08 00:27:19,2082.86,-nan(ind),-nan(ind)
2015-01-08 00:32:19,2300.89,-nan(ind),-nan(ind)
2015-01-08 00:37:19,2428.72,-nan(ind),-nan(ind)
2015-01-08 00:42:19,2387.94,-nan(ind),-nan(ind)
2015-01-08 00:47:19,2247.13,-nan(ind),-nan(ind)
2015-01-08 00:52:19,2106.69,-nan(ind),-nan(ind)
2015-01-08 00:57:19,2044.19,-nan(ind),-nan(ind)
2015-01-08 01:02:19,1923.94,-nan(ind),-nan(ind)
2015-01-08 01:07:19,1923.94,-nan(ind),-nan(ind)
2015-01-08 01:12:19,44.3125,-nan(ind),-nan(ind)
2015-01-08 01:17:19,41.7059,-nan(ind),-nan(ind)
2015-01-08 01:22:19,13,-nan(ind),-nan(ind)
2015-01-08 01:27:19,17,-nan(ind),-nan(ind)
2015-01-08 01:32:19,18.0625,-nan(ind),-nan(ind)
2015-01-08 01:37:19,17,-nan(ind),-nan(ind)
2015-01-08 01:42:19,535.765,-nan(ind),-nan(ind)
2015-01-08 01:47:19,535.765,-nan(ind),-nan(ind)
2015-01-08 01:52:19,569.25,-nan(ind),-nan(ind)
2015-01-08 01:57:19,13.8667,-nan(ind),-nan(ind)
2015-01-08 02:02:19,13,-nan(ind),-nan(ind)
2015-01-08 02:07:19,14.8571,-nan(ind),-nan(ind)
2015-01-08 02:12:19,14.8571,-nan(ind),-nan(ind)
2015-01-08 02:17:19,16.7857,-nan(ind),-nan(ind)
2015-01-08 02:22:19,16.7857,-nan(ind),-nan(ind)
2015-01-08 02:27:19,622.333,-nan(ind),-nan(ind)
2015-01-08 02:32:19,666.786,-nan(ind),-nan(ind)
2015-01-08 02:37:19,643,-nan(ind),-nan(ind)
2015-01-08 02:42:19,43.6667,-nan(ind),-nan(ind)
2015-01-08 02:47:19,43.6667,-nan(ind),-nan(ind)
2015-01-08 02:52:19,24.6429,-nan(ind),-nan(ind)
2015-01-08 02:57:19,731.071,-nan(ind),-nan(ind)
2015-01-08 03:02:19,731.143,-nan(ind),-nan(ind)
2015-01-08 03:07:19,731.143,-nan(ind),-nan(ind)
2015-01-08 03:12:19,18.1538,-nan(ind),-nan(ind)
2015-01-08 03:17:19,17.4167,-nan(ind),-nan(ind)
2015-01-08 03:22:19,17.4167,-nan(ind),-nan(ind)
2015-01-08 03:27:19,17.4167,-nan(ind),-nan(ind)
2015-01-08 03:32:19,17.4167,-nan(ind),-nan(ind)
2015-01-08 03:37:19,17.4167,-nan(ind),-nan(ind)
2015-01-08 03:42:19,16.6154,-nan(ind),-nan(ind)
2015-01-08 03:47:19,16.6154,-nan(ind),-nan(ind)
2015-01-08 03:52:19,16.6154,-nan(ind),-nan(ind)
2015-01-08 03:57:19,723.769,-nan(ind),-nan(ind)
2015-01-08 04:02:19,723.769,-nan(ind),-nan(ind)
2015-01-08 04:07:19,723.769,-nan(ind),-nan(ind)
2015-01-08 04:12:19,17.4167,-nan(ind),-nan(ind)
2015-01-08 04:17:19,17.4167,-nan(ind),-nan(ind)
2015-01-08 04:22:19,17.4167,-nan(ind),-nan(ind)
2015-01-08 04:27:19,16.0769,-nan(ind),-nan(ind)
2015-01-08 04:32:19,16.0769,-nan(ind),-nan(ind)
2015-01-08 04:37:19,16.0769,-nan(ind),-nan(ind)
2015-01-08 04:42:19,862.231,-nan(ind),-nan(ind)
2015-01-08 04:47:19,862.231,-nan(ind),-nan(ind)
2015-01-08 04:52:19,749.2,-nan(ind),-nan(ind)
2015-01-08 04:57:19,682.533,-nan(ind),-nan(ind)
2015-01-08 05:02:19,682.533,-nan(ind),-nan(ind)
2015-01-08 05:07:19,729.643,-nan(ind),-nan(ind)
2015-01-08 05:12:19,16.5385,-nan(ind),-nan(ind)
2015-01-08 05:17:19,15.6667,-nan(ind),-nan(ind)
2015-01-08 05:22:19,15.6667,-nan(ind),-nan(ind)
2015-01-08 05:27:19,15.6667,-nan(ind),-nan(ind)
2015-01-08 05:32:19,15.6667,-nan(ind),-nan(ind)
2015-01-08 05:37:19,15,-nan(ind),-nan(ind)
2015-01-08 05:42:19,18,-nan(ind),-nan(ind)
2015-01-08 05:47:19,16.9412,-nan(ind),-nan(ind)
2015-01-08 05:52:19,16.625,-nan(ind),-nan(ind)
2015-01-08 05:57:19,636.813,-nan(ind),-nan(ind)
2015-01-08 06:02:19,638.5,-nan(ind),-nan(ind)
2015-01-08 06:07:19,598.353,-nan(ind),-nan(ind)
2015-01-08 06:12:19,677.2,-nan(ind),-nan(ind)
2015-01-08 06:17:19,677.2,-nan(ind),-nan(ind)
2015-01-08 06:22:19,683.267,-nan(ind),-nan(ind)
2015-01-08 06:27:19,603.267,-nan(ind),-nan(ind)
2015-01-08 06:32:19,603.267,-nan(ind),-nan(ind)
2015-01-08 06:37:19,638.143,-nan(ind),-nan(ind)
2015-01-08 06:42:19,634.063,-nan(ind),-nan(ind)
2015-01-08 06:47:19,674.533,-nan(ind),-nan(ind)
2015-01-08 06:52:19,638.563,-nan(ind),-nan(ind)
2015-01-08 06:57:19,14.4667,-nan(ind),-nan(ind)
2015-01-08 07:02:19,13.5625,-nan(ind),-nan(ind)
2015-01-08 07:07:19,13.5625,-nan(ind),-nan(ind)
2015-01-08 07:12:19,13.5625,-nan(ind),-nan(ind)
2015-01-08 07:17:19,14.3529,-nan(ind),-nan(ind)
2015-01-08 07:22:19,16.4118,-nan(ind),-nan(ind)
2015-01-08 07:27:19,15.4211,-nan(ind),-nan(ind)
2015-01-08 07:32:19,14.7778,-nan(ind),-nan(ind)
2015-01-08 07:37:19,11.7222,-nan(ind),-nan(ind)
2015-01-08 07:42:19,512.407,-nan(ind),-nan(ind)
2015-01-08 07:47:19,512.407,-nan(ind),-nan(ind)
2015-01-08 07:52:19,512.407,-nan(ind),-nan(ind)
2015-01-08 07:57:19,36844.3,-nan(ind),-nan(ind)
2015-01-08 08:02:19,39011.6,-nan(ind),-nan(ind)
2015-01-08 08:07:19,36845.9,-nan(ind),-nan(ind)
2015-01-08 08:12:19,14.125,-nan(ind),-nan(ind)
2015-01-08 08:17:19,14.125,-nan(ind),-nan(ind)
2015-01-08 08:22:19,14.5882,-nan(ind),-nan(ind)
2015-01-08 08:27:19,791.556,-nan(ind),-nan(ind)
2015-01-08 08:32:19,791.556,-nan(ind),-nan(ind)
2015-01-08 08:37:19,788.722,-nan(ind),-nan(ind)
2015-01-08 08:42:19,532.579,-nan(ind),-nan(ind)
2015-01-08 08:47:19,532.579,-nan(ind),-nan(ind)
2015-01-08 08:52:19,562.167,-nan(ind),-nan(ind)
2015-01-08 08:57:19,68.6842,-nan(ind),-nan(ind)
2015-01-08 09:02:19,66.7,-nan(ind),-nan(ind)
2015-01-08 09:07:19,65.5714,-nan(ind),-nan(ind)
2015-01-08 09:12:19,490.238,-nan(ind),-nan(ind)
2015-01-08 09:17:19,490.238,-nan(ind),-nan(ind)
2015-01-08 09:22:19,469.5,-nan(ind),-nan(ind)
2015-01-08 09:27:19,66.2667,-nan(ind),-nan(ind)
2015-01-08 09:32:19,66.2667,-nan(ind),-nan(ind)
2015-01-08 09:37:19,69.8421,-nan(ind),-nan(ind)
2015-01-08 09:42:19,15.35,-nan(ind),-nan(ind)
2015-01-08 09:47:19,15.35,-nan(ind),-nan(ind)
2015-01-08 09:52:19,15.4211,-nan(ind),-nan(ind)
2015-01-08 09:57:19,80,-nan(ind),-nan(ind)
2015-01-08 10:02:19,80,-nan(ind),-nan(ind)
2015-01-08 10:07:19,86.6364,-nan(ind),-nan(ind)
2015-01-08 10:12:19,694.952,-nan(ind),-nan(ind)
2015-01-08 10:17:19,694.952,-nan(ind),-nan(ind)
2015-01-08 10:22:19,729.1,-nan(ind),-nan(ind)
2015-01-08 10:27:19,32.3333,-nan(ind),-nan(ind)
2015-01-08 10:32:19,32.3333,-nan(ind),-nan(ind)
2015-01-08 10:37:19,663.588,-nan(ind),-nan(ind)
2015-01-08 10:42:19,665.294,-nan(ind),-nan(ind)
2015-01-08 10:47:19,665.294,-nan(ind),-nan(ind)
2015-01-08 10:52:19,665.294,-nan(ind),-nan(ind)
2015-01-08 10:57:19,1663.29,-nan(ind),-nan(ind)
2015-01-08 11:02:19,1663.29,-nan(ind),-nan(ind)
2015-01-08 11:07:19,1692.76,-nan(ind),-nan(ind)
2015-01-08 11:12:19,736.063,-nan(ind),-nan(ind)
2015-01-08 11:17:19,822.176,-nan(ind),-nan(ind)
2015-01-08 11:22:19,775.556,-nan(ind),-nan(ind)
2015-01-08 11:27:19,699.4,-nan(ind),-nan(ind)
2015-01-08 11:32:19,619.474,-nan(ind),-nan(ind)
2015-01-08 11:37:19,619.474,-nan(ind),-nan(ind)
2015-01-08 11:42:19,2838.5,-nan(ind),-nan(ind)
2015-01-08 11:47:19,2822.38,-nan(ind),-nan(ind)
2015-01-08 11:52:19,2822.71,-nan(ind),-nan(ind)
2015-01-08 11:57:19,1168.39,-nan(ind),-nan(ind)
2015-01-08 12:02:19,1089.19,-nan(ind),-nan(ind)
2015-01-08 12:07:19,565.952,-nan(ind),-nan(ind)
2015-01-08 12:12:19,5789.45,-nan(ind),-nan(ind)
2015-01-08 12:17:19,5790,-nan(ind),-nan(ind)
2015-01-08 12:22:19,5308.55,-nan(ind),-nan(ind)
2015-01-08 12:27:19,6000.77,-nan(ind),-nan(ind)
2015-01-08 12:32:19,5835.65,-nan(ind),-nan(ind)
2015-01-08 12:37:19,6666,-nan(ind),-nan(ind)
2015-01-08 12:42:19,1115.83,-nan(ind),-nan(ind)
2015-01-08 12:47:19,995.056,-nan(ind),-nan(ind)
2015-01-08 12:52:19,1052.88,-nan(ind),-nan(ind)
2015-01-08 12:57:19,1004.65,-nan(ind),-nan(ind)
2015-01-08 13:02:19,1098.94,-nan(ind),-nan(ind)
2015-01-08 13:07:19,1163.59,-nan(ind),-nan(ind)
2015-01-08 13:12:19,236.824,-nan(ind),-nan(ind)
2015-01-08 13:17:19,82.875,-nan(ind),-nan(ind)
2015-01-08 13:22:19,86.4,-nan(ind),-nan(ind)
2015-01-08 13:27:19,81,-nan(ind),-nan(ind)
2015-01-08 13:32:19,229.533,-nan(ind),-nan(ind)
2015-01-08 13:37:19,229.533,-nan(ind),-nan(ind)
2015-01-08 13:42:19,229.333,-nan(ind),-nan(ind)
2015-01-08 13:47:19,88.5714,-nan(ind),-nan(ind)
2015-01-08 13:52:19,79.8125,-nan(ind),-nan(ind)
2015-01-08 13:57:19,1097.1,-nan(ind),-nan(ind)
2015-01-08 14:02:19,1112.5,-nan(ind),-nan(ind)
2015-01-08 14:07:19,1065.13,-nan(ind),-nan(ind)
2015-01-08 14:12:19,938.286,-nan(ind),-nan(ind)
2015-01-08 14:17:19,860.2,-nan(ind),-nan(ind)
2015-01-08 14:22:19,903.526,-nan(ind),-nan(ind)
2015-01-08 14:27:19,136.789,-nan(ind),-nan(ind)
2015-01-08 14:32:19,131.3,-nan(ind),-nan(ind)
2015-01-08 14:37:19,120.545,-nan(ind),-nan(ind)
2015-01-08 14:42:19,65.0455,-nan(ind),-nan(ind)
2015-01-08 14:47:19,60.75,-nan(ind),-nan(ind)
2015-01-08 14:52:19,65.5238,-nan(ind),-nan(ind)
2015-01-08 14:57:19,126.524,-nan(ind),-nan(ind)
2015-01-08 15:02:19,126.476,-nan(ind),-nan(ind)
2015-01-08 15:07:19,120.727,-nan(ind),-nan(ind)
2015-01-08 15:12:19,62.1818,-nan(ind),-nan(ind)
2015-01-08 15:17:19,65.5,-nan(ind),-nan(ind)
2015-01-08 15:22:19,57.05,-nan(ind),-nan(ind)
2015-01-08 15:27:19,1005.32,-nan(ind),-nan(ind)
2015-01-08 15:32:19,1005.32,-nan(ind),-nan(ind)
2015-01-08 15:37:19,956.2,-nan(ind),-nan(ind)
2015-01-08 15:42:19,161.222,-nan(ind),-nan(ind)
2015-01-08 15:47:19,154.158,-nan(ind),-nan(ind)
2015-01-08 15:52:19,161.444,-nan(ind),-nan(ind)
2015-01-08 15:57:19,154.263,-nan(ind),-nan(ind)
2015-01-08 16:02:19,154.789,-nan(ind),-nan(ind)
2015-01-08 16:07:19,163.389,-nan(ind),-nan(ind)
2015-01-08 16:12:19,271.647,-nan(ind),-nan(ind)
2015-01-08 16:17:19,288,-nan(ind),-nan(ind)
2015-01-08 16:22:19,273.059,-nan(ind),-nan(ind)
2015-01-08 16:27:19,245.421,-nan(ind),-nan(ind)
2015-01-08 16:32:19,245.421,-nan(ind),-nan(ind)
2015-01-08 16:37:19,245.895,-nan(ind),-nan(ind)
2015-01-08 16:42:19,934.737,-nan(ind),-nan(ind)
2015-01-08 16:47:19,934.737,-nan(ind),-nan(ind)
2015-01-08 16:52:19,846.81,-nan(ind),-nan(ind)
2015-01-08 16:57:19,36.5,-nan(ind),-nan(ind)
2015-01-08 17:02:19,36.9048,-nan(ind),-nan(ind)
2015-01-08 17:07:19,14.6667,-nan(ind),-nan(ind)
2015-01-08 17:12:19,15.5625,-nan(ind),-nan(ind)
2015-01-08 17:17:19,15.9412,-nan(ind),-nan(ind)
2015-01-08 17:22:19,32.2222,-nan(ind),-nan(ind)
2015-01-08 17:27:19,32.0556,-nan(ind),-nan(ind)
2015-01-08 17:32:19,32.0556,-nan(ind),-nan(ind)
2015-01-08 17:37:19,33.9412,-nan(ind),-nan(ind)
2015-01-08 17:42:19,41.5,-nan(ind),-nan(ind)
2015-01-08 17:47:19,39.3158,-nan(ind),-nan(ind)
2015-01-08 17:52:19,43.2727,-nan(ind),-nan(ind)
2015-01-08 17:57:19,826.913,-nan(ind),-nan(ind)
2015-01-08 18:02:19,828,-nan(ind),-nan(ind)
2015-01-08 18:07:19,966.727,-nan(ind),-nan(ind)
2015-01-08 18:12:19,157.435,-nan(ind),-nan(ind)
2015-01-08 18:17:19,157.435,-nan(ind),-nan(ind)
2015-01-08 18:22:19,162.591,-nan(ind),-nan(ind)
2015-01-08 18:27:19,140,-nan(ind),-nan(ind)
2015-01-08 18:32:19,135.926,-nan(ind),-nan(ind)
2015-01-08 18:37:19,52.4167,-nan(ind),-nan(ind)
2015-01-08 18:42:19,155.667,-nan(ind),-nan(ind)
2015-01-08 18:47:19,149.682,-nan(ind),-nan(ind)
2015-01-08 18:52:19,134.682,-nan(ind),-nan(ind)
2015-01-08 18:57:19,223.053,-nan(ind),-nan(ind)
2015-01-08 19:02:19,275.8,-nan(ind),-nan(ind)
2015-01-08 19:07:19,274.267,-nan(ind),-nan(ind)
2015-01-08 19:12:19,14.3077,-nan(ind),-nan(ind)
2015-01-08 19:17:19,14.3077,-nan(ind),-nan(ind)
2015-01-08 19:22:19,14.3077,-nan(ind),-nan(ind)
2015-01-08 19:27:19,1510.58,-nan(ind),-nan(ind)
2015-01-08 19:32:19,1510.58,-nan(ind),-nan(ind)
2015-01-08 19:37:19,1647.91,-nan(ind),-nan(ind)
2015-01-08 19:42:19,12.7,-nan(ind),-nan(ind)
2015-01-08 19:47:19,14.0833,-nan(ind),-nan(ind)
2015-01-08 19:52:19,14.8462,-nan(ind),-nan(ind)
2015-01-08 19:57:19,6720.38,-nan(ind),-nan(ind)
2015-01-08 20:02:19,7464.76,-nan(ind),-nan(ind)
2015-01-08 20:07:19,7900.57,-nan(ind),-nan(ind)
2015-01-08 20:12:19,11222.7,-nan(ind),-nan(ind)
2015-01-08 20:17:19,11222.6,-nan(ind),-nan(ind)
2015-01-08 20:22:19,11238.3,-nan(ind),-nan(ind)
2015-01-08 20:27:19,12237.6,-nan(ind),-nan(ind)
2015-01-08 20:32:19,12240.1,-nan(ind),-nan(ind)
2015-01-08 20:37:19,11286.2,-nan(ind),-nan(ind)
2015-01-08 20:42:19,10014.5,-nan(ind),-nan(ind)
2015-01-08 20:47:19,8248,-nan(ind),-nan(ind)
2015-01-08 20:52:19,7398.74,-nan(ind),-nan(ind)
2015-01-08 20:57:19,28.5455,-nan(ind),-nan(ind)
2015-01-08 21:02:19,28.1429,-nan(ind),-nan(ind)
2015-01-08 21:07:19,9.05263,-nan(ind),-nan(ind)
2015-01-08 21:12:19,1067.78,-nan(ind),-nan(ind)
2015-01-08 21:17:19,1130,-nan(ind),-nan(ind)
2015-01-08 21:22:19,963.6,-nan(ind),-nan(ind)
2015-01-08 21:27:19,133.647,-nan(ind),-nan(ind)
2015-01-08 21:32:19,132.412,-nan(ind),-nan(ind)
2015-01-08 21:37:19,142.412,-nan(ind),-nan(ind)
2015-01-08 21:42:19,18.8824,-nan(ind),-nan(ind)
2015-01-08 21:47:19,21.4118,-nan(ind),-nan(ind)
2015-01-08 21:52:19,51.7778,-nan(ind),-nan(ind)
2015-01-08 21:57:19,51.7778,-nan(ind),-nan(ind)
2015-01-08 22:02:19,49.5556,-nan(ind),-nan(ind)
2015-01-08 22:07:19,5.9,-nan(ind),-nan(ind)
2015-01-08 22:12:19,12.6364,-nan(ind),-nan(ind)
2015-01-08 22:17:19,12.6364,-nan(ind),-nan(ind)
2015-01-08 22:22:19,15.75,-nan(ind),-nan(ind)
2015-01-08 22:27:19,839.333,-nan(ind),-nan(ind)
2015-01-08 22:32:19,839.333,-nan(ind),-nan(ind)
2015-01-08 22:37:19,812.526,-nan(ind),-nan(ind)
2015-01-08 22:42:19,1144.06,-nan(ind),-nan(ind)
2015-01-08 22:47:19,1082,-nan(ind),-nan(ind)
2015-01-08 22:52:19,915.857,-nan(ind),-nan(ind)
2015-01-08 22:57:19,56.619,-nan(ind),-nan(ind)
2015-01-08 23:02:19,55.7273,-nan(ind),-nan(ind)
2015-01-08 23:07:19,58.5,-nan(ind),-nan(ind)
2015-01-08 23:12:19,123.643,-nan(ind),-nan(ind)
2015-01-08 23:17:19,127.975,-nan(ind),-nan(ind)
2015-01-08 23:22:19,158.344,-nan(ind),-nan(ind)
2015-01-08 23:27:19,163.406,-nan(ind),-nan(ind)
2015-01-08 23:32:19,152.694,-nan(ind),-nan(ind)
2015-01-08 23:37:19,152.417,-nan(ind),-nan(ind)
2015-01-08 23:42:19,272.763,-nan(ind),-nan(ind)
2015-01-08 23:47:19,281.972,-nan(ind),-nan(ind)
2015-01-08 23:52:19,298.559,-nan(ind),-nan(ind)
2015-01-08 23:57:19,879.237,-nan(ind),-nan(ind)
2015-01-09 00:02:19,926.417,-nan(ind),-nan(ind)
2015-01-09 00:07:19,877.658,-nan(ind),-nan(ind)
2015-01-09 00:12:19,810.05,-nan(ind),-nan(ind)
2015-01-09 00:17:19,771.524,-nan(ind),-nan(ind)
2015-01-09 00:22:19,758.273,-nan(ind),-nan(ind)
2015-01-09 00:27:19,269.239,-nan(ind),-nan(ind)
2015-01-09 00:32:19,269.239,-nan(ind),-nan(ind)
2015-01-09 00:37:19,269.239,-nan(ind),-nan(ind)
2015-01-09 00:42:19,257.614,-nan(ind),-nan(ind)
2015-01-09 00:47:19,108.325,-nan(ind),-nan(ind)
2015-01-09 00:52:19,88.7632,-nan(ind),-nan(ind)
2015-01-09 00:57:19,92.1316,-nan(ind),-nan(ind)
2015-01-09 01:02:19,87.1833,-nan(ind),-nan(ind)
2015-01-09 01:07:19,87.1833,-nan(ind),-nan(ind)
2015-01-09 01:12:19,57.6833,-nan(ind),-nan(ind)
2015-01-09 01:17:19,57.6833,-nan(ind),-nan(ind)
2015-01-09 01:22:19,57.6833,-nan(ind),-nan(ind)
2015-01-09 01:27:19,814.883,-nan(ind),-nan(ind)
2015-01-09 01:32:19,858.132,-nan(ind),-nan(ind)
2015-01-09 01:37:19,858.132,-nan(ind),-nan(ind)
2015-01-09 01:42:19,111.194,-nan(ind),-nan(ind)
2015-01-09 01:47:19,111.194,-nan(ind),-nan(ind)
2015-01-09 01:52:19,111.194,-nan(ind),-nan(ind)
2015-01-09 01:57:19,63.0294,-nan(ind),-nan(ind)
2015-01-09 02:02:19,63.0294,-nan(ind),-nan(ind)
2015-01-09 02:07:19,63.0294,-nan(ind),-nan(ind)
2015-01-09 02:12:19,68.9722,-nan(ind),-nan(ind)
2015-01-09 02:17:19,68.9722,-nan(ind),-nan(ind)
2015-01-09 02:22:19,68.9722,-nan(ind),-nan(ind)
2015-01-09 02:27:19,1003.97,-nan(ind),-nan(ind)
2015-01-09 02:32:19,1003.97,-nan(ind),-nan(ind)
2015-01-09 02:37:19,1003.97,-nan(ind),-nan(ind)
2015-01-09 02:42:19,951.5,-nan(ind),-nan(ind)
2015-01-09 02:47:19,951.5,-nan(ind),-nan(ind)
2015-01-09 02:52:19,951.5,-nan(ind),-nan(ind)
2015-01-09 02:57:19,126.194,-nan(ind),-nan(ind)
2015-01-09 03:02:19,119.553,-nan(ind),-nan(ind)
2015-01-09 03:07:19,119.553,-nan(ind),-nan(ind)
2015-01-09 03:12:19,119.553,-nan(ind),-nan(ind)
2015-01-09 03:17:19,119.553,-nan(ind),-nan(ind)
2015-01-09 03:22:19,119.553,-nan(ind),-nan(ind)
2015-01-09 03:27:19,64.8158,-nan(ind),-nan(ind)
2015-01-09 03:32:19,68.4167,-nan(ind),-nan(ind)
2015-01-09 03:37:19,68.4167,-nan(ind),-nan(ind)
2015-01-09 03:42:19,1226.19,-nan(ind),-nan(ind)
2015-01-09 03:47:19,1226.19,-nan(ind),-nan(ind)
2015-01-09 03:52:19,1161.66,-nan(ind),-nan(ind)
2015-01-09 03:57:19,90.6053,-nan(ind),-nan(ind)
2015-01-09 04:02:19,90.6053,-nan(ind),-nan(ind)
2015-01-09 04:07:19,95.6389,-nan(ind),-nan(ind)
2015-01-09 04:12:19,130.079,-nan(ind),-nan(ind)
2015-01-09 04:17:19,135.806,-nan(ind),-nan(ind)
2015-01-09 04:22:19,135.806,-nan(ind),-nan(ind)
2015-01-09 04:27:19,65.2813,-nan(ind),-nan(ind)
2015-01-09 04:32:19,65.2813,-nan(ind),-nan(ind)
2015-01-09 04:37:19,65.2813,-nan(ind),-nan(ind)
2015-01-09 04:42:19,65.7941,-nan(ind),-nan(ind)
2015-01-09 04:47:19,62.1944,-nan(ind),-nan(ind)
2015-01-09 04:52:19,62.1944,-nan(ind),-nan(ind)
2015-01-09 04:57:19,1391.42,-nan(ind),-nan(ind)
2015-01-09 05:02:19,1391.42,-nan(ind),-nan(ind)
2015-01-09 05:07:19,1391.42,-nan(ind),-nan(ind)
2015-01-09 05:12:19,60.1389,-nan(ind),-nan(ind)
2015-01-09 05:17:19,60.1389,-nan(ind),-nan(ind)
2015-01-09 05:22:19,56.9737,-nan(ind),-nan(ind)
2015-01-09 05:27:19,56.9737,-nan(ind),-nan(ind)
2015-01-09 05:32:19,56.9737,-nan(ind),-nan(ind)
2015-01-09 05:37:19,56.9737,-nan(ind),-nan(ind)
2015-01-09 05:42:19,118.184,-nan(ind),-nan(ind)
2015-01-09 05:47:19,118.184,-nan(ind),-nan(ind)
2015-01-09 05:52:19,118.184,-nan(ind),-nan(ind)
2015-01-09 05:57:19,124.275,-nan(ind),-nan(ind)
2015-01-09 06:02:19,130.816,-nan(ind),-nan(ind)
2015-01-09 06:07:19,130.816,-nan(ind),-nan(ind)
2015-01-09 06:12:19,1246.41,-nan(ind),-nan(ind)
2015-01-09 06:17:19,1060.35,-nan(ind),-nan(ind)
2015-01-09 06:22:19,1115.68,-nan(ind),-nan(ind)
2015-01-09 06:27:19,66,-nan(ind),-nan(ind)
2015-01-09 06:32:19,80.9167,-nan(ind),-nan(ind)
2015-01-09 06:37:19,69.9286,-nan(ind),-nan(ind)
2015-01-09 06:42:19,59.3529,-nan(ind),-nan(ind)
2015-01-09 06:47:19,56.0556,-nan(ind),-nan(ind)
2015-01-09 06:52:19,59.3529,-nan(ind),-nan(ind)
2015-01-09 06:57:19,88.8333,-nan(ind),-nan(ind)
2015-01-09 07:02:19,88.8333,-nan(ind),-nan(ind)
2015-01-09 07:07:19,94.0588,-nan(ind),-nan(ind)
2015-01-09 07:12:19,187.421,-nan(ind),-nan(ind)
2015-01-09 07:17:19,179.4,-nan(ind),-nan(ind)
2015-01-09 07:22:19,202.182,-nan(ind),-nan(ind)
2015-01-09 07:27:19,1113,-nan(ind),-nan(ind)
2015-01-09 07:32:19,1113,-nan(ind),-nan(ind)
2015-01-09 07:37:19,1064.61,-nan(ind),-nan(ind)
2015-01-09 07:42:19,8028,-nan(ind),-nan(ind)
2015-01-09 07:47:19,7693.5,-nan(ind),-nan(ind)
2015-01-09 07:52:19,8028,-nan(ind),-nan(ind)
2015-01-09 07:57:19,131.857,-nan(ind),-nan(ind)
2015-01-09 08:02:19,131.857,-nan(ind),-nan(ind)
2015-01-09 08:07:19,125.864,-nan(ind),-nan(ind)
2015-01-09 08:12:19,151.87,-nan(ind),-nan(ind)
2015-01-09 08:17:19,151.87,-nan(ind),-nan(ind)
2015-01-09 08:22:19,158.773,-nan(ind),-nan(ind)
2015-01-09 08:27:19,123.913,-nan(ind),-nan(ind)
2015-01-09 08:32:19,123.913,-nan(ind),-nan(ind)
2015-01-09 08:37:19,123.913,-nan(ind),-nan(ind)
2015-01-09 08:42:19,1152.48,-nan(ind),-nan(ind)
2015-01-09 08:47:19,1152.48,-nan(ind),-nan(ind)
2015-01-09 08:52:19,1083.21,-nan(ind),-nan(ind)
2015-01-09 08:57:19,94.125,-nan(ind),-nan(ind)
2015-01-09 09:02:19,94.125,-nan(ind),-nan(ind)
2015-01-09 09:07:19,96.913,-nan(ind),-nan(ind)
2015-01-09 09:12:19,131.304,-nan(ind),-nan(ind)
2015-01-09 09:17:19,131.391,-nan(ind),-nan(ind)
2015-01-09 09:22:19,131.391,-nan(ind),-nan(ind)
2015-01-09 09:27:19,88.5455,-nan(ind),-nan(ind)
2015-01-09 09:32:19,88.5455,-nan(ind),-nan(ind)
2015-01-09 09:37:19,84.6957,-nan(ind),-nan(ind)
2015-01-09 09:42:19,113.625,-nan(ind),-nan(ind)
2015-01-09 09:47:19,117.304,-nan(ind),-nan(ind)
2015-01-09 09:52:19,117.304,-nan(ind),-nan(ind)
2015-01-09 09:57:19,85.6957,-nan(ind),-nan(ind)
2015-01-09 10:02:19,85.6957,-nan(ind),-nan(ind)
2015-01-09 10:07:19,83.25,-nan(ind),-nan(ind)
2015-01-09 10:12:19,516.083,-nan(ind),-nan(ind)
2015-01-09 10:17:19,516.083,-nan(ind),-nan(ind)
2015-01-09 10:22:19,495.44,-nan(ind),-nan(ind)
2015-01-09 10:27:19,81.0833,-nan(ind),-nan(ind)
2015-01-09 10:32:19,81.0833,-nan(ind),-nan(ind)
2015-01-09 10:37:19,77.2692,-nan(ind),-nan(ind)
2015-01-09 10:42:19,100.357,-nan(ind),-nan(ind)
2015-01-09 10:47:19,100.357,-nan(ind),-nan(ind)
2015-01-09 10:52:19,103.111,-nan(ind),-nan(ind)
2015-01-09 10:57:19,489.63,-nan(ind),-nan(ind)
2015-01-09 11:02:19,528.8,-nan(ind),-nan(ind)
2015-01-09 11:07:19,574.957,-nan(ind),-nan(ind)
2015-01-09 11:12:19,595.905,-nan(ind),-nan(ind)
2015-01-09 11:17:19,569.182,-nan(ind),-nan(ind)
2015-01-09 11:22:19,569.023,-nan(ind),-nan(ind)
2015-01-09 11:27:19,88.1522,-nan(ind),-nan(ind)
2015-01-09 11:32:19,85.6875,-nan(ind),-nan(ind)
2015-01-09 11:37:19,84.6042,-nan(ind),-nan(ind)
2015-01-09 11:42:19,128.727,-nan(ind),-nan(ind)
2015-01-09 11:47:19,123.13,-nan(ind),-nan(ind)
2015-01-09 11:52:19,115.4,-nan(ind),-nan(ind)
2015-01-09 11:57:19,60.04,-nan(ind),-nan(ind)
2015-01-09 12:02:19,62.5417,-nan(ind),-nan(ind)
2015-01-09 12:07:19,64.1304,-nan(ind),-nan(ind)
2015-01-09 12:12:19,577.739,-nan(ind),-nan(ind)
2015-01-09 12:17:19,577.652,-nan(ind),-nan(ind)
2015-01-09 12:22:19,602.773,-nan(ind),-nan(ind)
2015-01-09 12:27:19,545.143,-nan(ind),-nan(ind)
2015-01-09 12:32:19,521.636,-nan(ind),-nan(ind)
2015-01-09 12:37:19,479.333,-nan(ind),-nan(ind)
2015-01-09 12:42:19,105.348,-nan(ind),-nan(ind)
2015-01-09 12:47:19,105.348,-nan(ind),-nan(ind)
2015-01-09 12:52:19,108.864,-nan(ind),-nan(ind)
2015-01-09 12:57:19,1202.95,-nan(ind),-nan(ind)
2015-01-09 13:02:19,1202.95,-nan(ind),-nan(ind)
2015-01-09 13:07:19,1468.11,-nan(ind),-nan(ind)
2015-01-09 13:12:19,137.235,-nan(ind),-nan(ind)
2015-01-09 13:17:19,136.176,-nan(ind),-nan(ind)
2015-01-09 13:22:19,128.611,-nan(ind),-nan(ind)
2015-01-09 13:27:19,82.5263,-nan(ind),-nan(ind)
2015-01-09 13:32:19,82.4737,-nan(ind),-nan(ind)
2015-01-09 13:37:19,82.4737,-nan(ind),-nan(ind)
2015-01-09 13:42:19,637.895,-nan(ind),-nan(ind)
2015-01-09 13:47:19,636.474,-nan(ind),-nan(ind)
2015-01-09 13:52:19,612.429,-nan(ind),-nan(ind)
2015-01-09 13:57:19,93.2292,-nan(ind),-nan(ind)
2015-01-09 14:02:19,99.3125,-nan(ind),-nan(ind)
2015-01-09 14:07:19,68.3958,-nan(ind),-nan(ind)
2015-01-09 14:12:19,108.14,-nan(ind),-nan(ind)
2015-01-09 14:17:19,108.063,-nan(ind),-nan(ind)
2015-01-09 14:22:19,103.74,-nan(ind),-nan(ind)
2015-01-09 14:27:19,63.2292,-nan(ind),-nan(ind)
2015-01-09 14:32:19,60.98,-nan(ind),-nan(ind)
2015-01-09 14:37:19,63.5208,-nan(ind),-nan(ind)
2015-01-09 14:42:19,114.833,-nan(ind),-nan(ind)
2015-01-09 14:47:19,118.981,-nan(ind),-nan(ind)
2015-01-09 14:52:19,118.981,-nan(ind),-nan(ind)
2015-01-09 14:57:19,465.712,-nan(ind),-nan(ind)
2015-01-09 15:02:19,466.596,-nan(ind),-nan(ind)
2015-01-09 15:07:19,466.596,-nan(ind),-nan(ind)
2015-01-09 15:12:19,125.1,-nan(ind),-nan(ind)
2015-01-09 15:17:19,125.1,-nan(ind),-nan(ind)
2015-01-09 15:22:19,140.977,-nan(ind),-nan(ind)
2015-01-09 15:27:19,5156.84,-nan(ind),-nan(ind)
2015-01-09 15:32:19,5157.12,-nan(ind),-nan(ind)
2015-01-09 15:37:19,5157.12,-nan(ind),-nan(ind)
2015-01-09 15:42:19,5925.22,-nan(ind),-nan(ind)
2015-01-09 15:47:19,5925.1,-nan(ind),-nan(ind)
2015-01-09 15:52:19,6220.25,-nan(ind),-nan(ind)
2015-01-09 15:57:19,6122.95,-nan(ind),-nan(ind)
2015-01-09 16:02:19,6122.95,-nan(ind),-nan(ind)
2015-01-09 16:07:19,6122.95,-nan(ind),-nan(ind)
2015-01-09 16:12:19,6595.45,-nan(ind),-nan(ind)
2015-01-09 16:17:19,6595.45,-nan(ind),-nan(ind)
2015-01-09 16:22:19,5737.91,-nan(ind),-nan(ind)
2015-01-09 16:27:19,5806.67,-nan(ind),-nan(ind)
2015-01-09 16:32:19,5808.1,-nan(ind),-nan(ind)
2015-01-09 16:37:19,6097.25,-nan(ind),-nan(ind)
2015-01-09 16:42:19,6642.35,-nan(ind),-nan(ind)
2015-01-09 16:47:19,6038.18,-nan(ind),-nan(ind)
2015-01-09 16:52:19,6038.18,-nan(ind),-nan(ind)
2015-01-09 16:57:19,5290.32,-nan(ind),-nan(ind)
2015-01-09 17:02:19,5291.36,-nan(ind),-nan(ind)
2015-01-09 17:07:19,6010.77,-nan(ind),-nan(ind)
2015-01-09 17:12:19,6334.48,-nan(ind),-nan(ind)
2015-01-09 17:17:19,6050.09,-nan(ind),-nan(ind)
2015-01-09 17:22:19,5547.25,-nan(ind),-nan(ind)
2015-01-09 17:27:19,5474.62,-nan(ind),-nan(ind)
2015-01-09 17:32:19,5475.23,-nan(ind),-nan(ind)
2015-01-09 17:37:19,5084.89,-nan(ind),-nan(ind)
2015-01-09 17:42:19,4942.48,-nan(ind),-nan(ind)
2015-01-09 17:47:19,4766.61,-nan(ind),-nan(ind)
2015-01-09 17:52:19,4943.33,-nan(ind),-nan(ind)
2015-01-09 17:57:19,26476,-nan(ind),-nan(ind)
2015-01-09 18:02:19,26477.2,-nan(ind),-nan(ind)
2015-01-09 18:07:19,24661.6,-nan(ind),-nan(ind)
2015-01-09 18:12:19,4851.47,-nan(ind),-nan(ind)
2015-01-09 18:17:19,4694.42,-nan(ind),-nan(ind)
2015-01-09 18:22:19,4569.84,-nan(ind),-nan(ind)
2015-01-09 18:27:19,9525.81,-nan(ind),-nan(ind)
2015-01-09 18:32:19,9832.19,-nan(ind),-nan(ind)
2015-01-09 18:37:19,11183.2,-nan(ind),-nan(ind)
2015-01-09 18:42:19,4922.04,-nan(ind),-nan(ind)
2015-01-09 18:47:19,5421.78,-nan(ind),-nan(ind)
2015-01-09 18:52:19,5667.18,-nan(ind),-nan(ind)
2015-01-09 18:57:19,214.765,-nan(ind),-nan(ind)
2015-01-09 19:02:19,129.2,-nan(ind),-nan(ind)
2015-01-09 19:07:19,129.2,-nan(ind),-nan(ind)
2015-01-09 19:12:19,69.2143,-nan(ind),-nan(ind)
2015-01-09 19:17:19,71.2308,-nan(ind),-nan(ind)
2015-01-09 19:22:19,71.2308,-nan(ind),-nan(ind)
2015-01-09 19:27:19,37.0714,-nan(ind),-nan(ind)
2015-01-09 19:32:19,37.0714,-nan(ind),-nan(ind)
2015-01-09 19:37:19,37.0714,-nan(ind),-nan(ind)
2015-01-09 19:42:19,35,-nan(ind),-nan(ind)
2015-01-09 19:47:19,35,-nan(ind),-nan(ind)
2015-01-09 19:52:19,32.6667,-nan(ind),-nan(ind)
2015-01-09 19:57:19,7532.94,-nan(ind),-nan(ind)
2015-01-09 20:02:19,7532.94,-nan(ind),-nan(ind)
2015-01-09 20:07:19,7532.94,-nan(ind),-nan(ind)
2015-01-09 20:12:19,7532.94,-nan(ind),-nan(ind)
2015-01-09 20:17:19,7532.94,-nan(ind),-nan(ind)
2015-01-09 20:22:19,7532.94,-nan(ind),-nan(ind)
2015-01-09 20:27:19,7532.94,-nan(ind),-nan(ind)
2015-01-09 20:32:19,7532.94,-nan(ind),-nan(ind)
2015-01-09 20:37:19,7532.94,-nan(ind),-nan(ind)
2015-01-09 20:42:19,7532.94,-nan(ind),-nan(ind)
2015-01-09 20:47:19,7532.94,-nan(ind),-nan(ind)
2015-01-09 20:52:19,7532.94,-nan(ind),-nan(ind)
2015-01-09 20:57:19,7532.94,-nan(ind),-nan(ind)
2015-01-09 21:02:19,80.7,-nan(ind),-nan(ind)
2015-01-09 21:07:19,84.9474,-nan(ind),-nan(ind)
2015-01-09 21:12:19,734.824,-nan(ind),-nan(ind)
2015-01-09 21:17:19,697.056,-nan(ind),-nan(ind)
2015-01-09 21:22:19,612.381,-nan(ind),-nan(ind)
2015-01-09 21:27:19,93,-nan(ind),-nan(ind)
2015-01-09 21:32:19,141.8,-nan(ind),-nan(ind)
2015-01-09 21:37:19,142.25,-nan(ind),-nan(ind)
2015-01-09 21:42:19,148.435,-nan(ind),-nan(ind)
2015-01-09 21:47:19,153.773,-nan(ind),-nan(ind)
2015-01-09 21:52:19,208.4,-nan(ind),-nan(ind)
2015-01-09 21:57:19,198.476,-nan(ind),-nan(ind)
2015-01-09 22:02:19,169.905,-nan(ind),-nan(ind)
2015-01-09 22:07:19,1083.05,-nan(ind),-nan(ind)
2015-01-09 22:12:19,1031.5,-nan(ind),-nan(ind)
2015-01-09 22:17:19,900.783,-nan(ind),-nan(ind)
2015-01-09 22:22:19,858,-nan(ind),-nan(ind)
2015-01-09 22:27:19,924.667,-nan(ind),-nan(ind)
2015-01-09 22:32:19,998.053,-nan(ind),-nan(ind)
2015-01-09 22:37:19,997.211,-nan(ind),-nan(ind)
2015-01-09 22:42:19,928.789,-nan(ind),-nan(ind)
2015-01-09 22:47:19,928.789,-nan(ind),-nan(ind)
2015-01-09 22:52:19,840.429,-nan(ind),-nan(ind)
2015-01-09 22:57:19,1464.85,-nan(ind),-nan(ind)
2015-01-09 23:02:19,1395.1,-nan(ind),-nan(ind)
2015-01-09 23:07:19,1331.59,-nan(ind),-nan(ind)
2015-01-09 23:12:19,876.591,-nan(ind),-nan(ind)
2015-01-09 23:17:19,876.591,-nan(ind),-nan(ind)
2015-01-09 23:22:19,914.25,-nan(ind),-nan(ind)
2015-01-09 23:27:19,864.75,-nan(ind),-nan(ind)
2015-01-09 23:32:19,824.714,-nan(ind),-nan(ind)
2015-01-09 23:37:19,865.6,-nan(ind),-nan(ind)
2015-01-09 23:42:19,831.524,-nan(ind),-nan(ind)
2015-01-09 23:47:19,831.524,-nan(ind),-nan(ind)
2015-01-09 23:52:19,831.524,-nan(ind),-nan(ind)
2015-01-09 23:57:19,1415.6,-nan(ind),-nan(ind)
2015-01-10 00:02:19,1488.37,-nan(ind),-nan(ind)
2015-01-10 00:07:19,1488.37,-nan(ind),-nan(ind)
2015-01-10 00:12:19,1413.84,-nan(ind),-nan(ind)
